{
  "Aspect":[
    [0, 22.5, 5],
    [22.5, 67.5, 5],
    [67.5, 112.5, 4],
    [112.5, 157.5, 2],
    [157.5, 202.5, 1],
    [202.5, 247.5, 2],
	[247.5, 292.5, 2],
	[292.5, 337.5, 2],
	[337.5, 360, 3]
  ],
  "Streets":[
    [0, 50, 5],
	[50, 100, 4]
  ],
  "Soils":[
    [2, 5],
	[3, 4],
	[4, 2],
	[5, 1]
  ],
  "GreenSpaces":[
    [0, 15, 5],
	[15, 30, 4],
	[30, 45, 3],
	[45, 3169.83418, 2],
	[3169.83418, 7924.585449, 1]
  ]
}